epoch,stage,stage_epoch,lambda_xai,train_loss,epoch_sec,selection_score,train_ord,train_hier,train_bnd,train_con,train_les,train_pa,train_cbf,train_xai,train_aux_les,train_aux_xai,train_dqk,val_accuracy,val_balanced_accuracy,val_sensitivity_macro,val_specificity_macro,val_precision_macro,val_npv_macro,val_f1_macro,val_auroc_macro_ovr,val_auprc_macro,val_auc_referable_dr,val_auc_sight_threatening,val_quadratic_weighted_kappa,val_mae_grade,val_adjacent_accuracy,val_recall_grade_0,val_recall_grade_1,val_recall_grade_2,val_recall_grade_3,val_recall_grade_4,val_screen_cleared,val_screen_npv,val_screen_auc,val_screen_threshold,val_screen_missed,val_screen_constraint_met,val_screen_score,mine_mean_hardness,mine_p90_hardness,mine_boundary_rate,mine_lowconf_rate,mine_hardness_grade_0,mine_hardness_grade_1,mine_hardness_grade_2,mine_hardness_grade_3,mine_hardness_grade_4,learned_loss_weights.ord,learned_loss_weights.hier,learned_loss_weights.bnd,learned_loss_weights.con,learned_loss_weights.les,learned_loss_weights.pa,learned_loss_weights.cbf,learned_loss_weights.dqk
1,s1_frozen,1,0.05,83.89888629404703,4541.7,0.3002776618714432,0.4693822503040234,0.596872832879424,1.090123857215047,1.5252836862405141,78.78599192555745,0.24335225966138144,0.6978307392075658,0.9211731823682785,0.8042574818929037,0.19621832732359568,0.8123839238981406,0.666,0.27807669860245127,0.27807669860245127,0.8365281751201611,0.31884212587435146,0.8398582335003605,0.2919926984590532,0.7109724750000246,0.3170357573047644,0.7260245181784608,0.8877095719200983,0.35049533349513484,0.5273333333333333,0.818,0.8289007092198581,0.0594059405940594,0.22429906542056074,0.2777777777777778,0.0,0.9106666666666666,0.9853587115666179,0.8877095719200983,0.2374693602323532,20,True,1.1325940596466912,0.9918304085731506,1.0,0.03005480207502842,0.04117797315120697,0.9494980573654175,0.9355401992797852,1.0543596744537354,1.2825415134429932,1.9059803485870361,1.0168421268463135,1.018204689025879,0.9975544810295105,0.9865444898605347,0.9863395690917969,1.0173635482788086,1.0176173448562622,1.0177031755447388
2,s1_frozen,2,0.05,48.42526982116699,4127.7,0.3358841407759876,0.4433980663965146,0.5075132559438547,0.9783857986877362,1.433487854917844,44.654161226908364,0.011514382954376439,0.6506694226364295,0.9213883638779322,0.9182687594095866,0.19608045399188995,0.697369688351949,0.6073333333333333,0.32134999917342527,0.32134999917342527,0.8484378354309493,0.2740208114700501,0.8370613936114013,0.2865313015805995,0.734402181418077,0.27791240888099444,0.7777600965594685,0.9161833898676004,0.420519916554868,0.6493333333333333,0.78,0.726063829787234,0.0594059405940594,0.3411214953271028,0.19444444444444445,0.2857142857142857,0.9413333333333334,0.9851274787535411,0.9161833898676004,0.5988480448722839,21,True,1.1703791808002335,0.9735913276672363,1.0,0.05023462325334549,0.06095888838171959,0.9148073792457581,0.9064955115318298,1.1115177869796753,1.301544427871704,1.912418007850647,1.038512945175171,1.0408649444580078,0.9997480511665344,0.9707891941070557,0.9714579582214355,1.0398117303848267,1.0382664203643799,1.0409996509552002
3,s1_frozen,3,0.05,33.64628246307373,4534.8,0.33918221701594975,0.4227815055002769,0.48384053669373195,0.9056784513617555,1.416982772787412,30.219147069295246,0.00644303451385349,0.6091573896706104,0.9214468136231104,0.9297707489331564,0.1967235987583796,0.6583930812080702,0.634,0.31108124113834557,0.31108124113834557,0.8547971539045734,0.2740943654031536,0.8448488595337459,0.28419407165369737,0.7400760565631985,0.303208850549718,0.7935320768992884,0.9164508638192849,0.4408015979268495,0.608,0.7953333333333333,0.7668439716312057,0.06930693069306931,0.32242990654205606,0.1111111111111111,0.2857142857142857,0.9393333333333334,0.9850958126330731,0.9164508638192849,0.5897414088249207,21,True,1.1684460492881545,0.9529032707214355,1.1454837322235107,0.06254757940769196,0.07386809587478638,0.878940999507904,0.9033416509628296,1.1593053340911865,1.2892391681671143,1.8600587844848633,1.0542652606964111,1.056835651397705,1.0060476064682007,0.9599912166595459,0.9620475769042969,1.0557016134262085,1.0539909601211548,1.057087779045105
4,s1_frozen,4,0.05,27.290960085550942,4535.2,0.3498208483150409,0.4104814706941446,0.4542896826465925,0.8630325059493382,1.3771324817339579,24.020993336995442,0.005429001010178278,0.5763712034920851,0.9221398984193802,0.9290339070955912,0.19628571434815725,0.6454019369383653,0.5686666666666667,0.3707840783084075,0.3707840783084075,0.8576286281168922,0.2878352580986471,0.8375850422491562,0.3011574798229649,0.7418763124461718,0.31166617069628305,0.7995595374993621,0.9149068096436517,0.4033181068853078,0.7313333333333333,0.756,0.6533687943262412,0.10891089108910891,0.397196261682243,0.3611111111111111,0.3333333333333333,0.9406666666666667,0.9851169383416017,0.9149068096436518,0.6680793166160583,21,True,1.1693933690775795,0.9344966411590576,1.280694603919983,0.07045707106590271,0.08144542574882507,0.8503087162971497,0.9013186097145081,1.1985782384872437,1.2662899494171143,1.7296675443649292,1.0611556768417358,1.0638929605484009,1.0096358060836792,0.9554575681686401,0.9580194354057312,1.062636137008667,1.0608651638031006,1.063719391822815
5,s1_frozen,5,0.05,25.50961478805542,4203.2,0.3636490625330728,0.40164792756239576,0.43982611151536305,0.8233865974148115,1.3957937826315563,22.31373100535075,0.004865641093968104,0.5583770297368368,0.9217967627843221,0.9353024703661601,0.1963775649468104,0.6265775513301293,0.6386666666666667,0.3637810419822768,0.3637810419822768,0.864335073424359,0.2926623864110341,0.8502796788674478,0.30903261270063354,0.7474528914767424,0.3168063116226994,0.8078118291353783,0.9175815491604965,0.45756454972100535,0.6126666666666667,0.7986666666666666,0.7579787234042553,0.0594059405940594,0.37850467289719625,0.19444444444444445,0.42857142857142855,0.9386666666666666,0.9850852272727273,0.9175815491604965,0.6463101506233215,21,True,1.1680620539567907,0.9168974757194519,1.3665316104888916,0.07608747482299805,0.08771050721406937,0.8223921656608582,0.9069012403488159,1.2322134971618652,1.2477216720581055,1.6242786645889282,1.0622080564498901,1.064969778060913,1.0103601217269897,0.954757809638977,0.9573732614517212,1.0636824369430542,1.061933159828186,1.064781904220581
6,s2_lora,1,0.05,24.04679279581706,5001.1,0.34856793959005294,0.41694727253913877,0.45557726281881333,0.869598758166035,1.4037321204741795,20.676163096110027,0.004495114510413259,0.5915060168206692,0.9216682947476705,0.9278108059565227,0.19612443256378173,0.6641090305348237,0.5386666666666666,0.34484932777287614,0.34484932777287614,0.8566573580483174,0.28106182535395025,0.8344725509518096,0.2866227301495539,0.7367204080731061,0.30562944506974177,0.8089287483599001,0.9202684465842361,0.43384762676289723,0.7246666666666667,0.776,0.6108156028368794,0.1485148514851485,0.4252336448598131,0.1111111111111111,0.42857142857142855,0.9486666666666667,0.9852424455375967,0.920268446584236,0.6966038942337036,21,True,1.1787337783127256,0.9024261236190796,1.4320988655090332,0.07990970462560654,0.09486612677574158,0.8024059534072876,0.9026192426681519,1.2506829500198364,1.2270870208740234,1.535489559173584,1.0706367492675781,1.0732040405273438,1.0147044658660889,0.9485794901847839,0.9501708745956421,1.072262167930603,1.069739580154419,1.0724818706512451
7,s2_lora,2,0.05,17.46687047131856,5698.1,0.4143132810379024,0.4151985477457444,0.45658043725291886,0.8689437666684389,1.3977921535174052,13.98716649754842,0.0026233609697471063,0.5987960389256477,0.9225908638636271,0.9204020139376322,0.1966747816403707,0.6733145613074303,0.7246666666666667,0.3877706950168357,0.3877706950168357,0.8537182819259754,0.3836864193919491,0.87040707087726,0.37566035946324117,0.7610751966989131,0.3542520980460238,0.8040617428143363,0.9162806531227584,0.49572972094590684,0.44333333333333336,0.8493333333333334,0.8945035460992907,0.04950495049504951,0.22897196261682243,0.5277777777777778,0.23809523809523808,0.9466666666666667,0.9852112676056338,0.9162806531227584,0.4704824686050415,21,True,1.1757368299473563,0.8888345956802368,1.469285249710083,0.08255264908075333,0.09947245568037033,0.7840697169303894,0.8916321992874146,1.260222315788269,1.2147221565246582,1.5106443166732788,1.0937844514846802,1.0962499380111694,1.0258989334106445,0.9330312013626099,0.934816300868988,1.0959340333938599,1.091138243675232,1.0937209129333496
8,s2_lora,3,0.05,12.145334135055542,5139.9,0.3709355928440743,0.42043471596141657,0.4610633347829183,0.8779011006156604,1.4021512963374456,8.482272448539733,0.0017152819342445582,0.6065931646029155,0.9223928639888763,0.8833887737592061,0.19636660492420197,0.6853825498471657,0.6093333333333333,0.3436363598436939,0.3436363598436939,0.8635304784384044,0.29140252633533237,0.845153763651124,0.3026652870709093,0.749922621170375,0.3195876284309571,0.8125827556078653,0.920122551701499,0.4651392291391351,0.6333333333333333,0.7926666666666666,0.7189716312056738,0.09900990099009901,0.3644859813084112,0.25,0.2857142857142857,0.946,0.985200845665962,0.920122551701499,0.6524320840835571,21,True,1.1760306379253747,0.8763138651847839,1.5192533731460571,0.08459435403347015,0.1036294624209404,0.7678860425949097,0.8813427686691284,1.2690551280975342,1.1953893899917603,1.4719340801239014,1.1197481155395508,1.1219098567962646,1.0378398895263672,0.9162153005599976,0.9217798113822937,1.1228199005126953,1.1150405406951904,1.1163074970245361
9,s2_lora,4,0.05,9.338462591489156,5925.5,0.3836261545402767,0.39885282599926,0.4331631121536096,0.8134335410992305,1.3809417635997137,5.8600461966196695,0.0012665065980205933,0.572220842152834,0.922461413304011,0.854873479048411,0.196202640414238,0.6212685521493355,0.5873333333333334,0.3826414168559429,0.3826414168559429,0.8607189592424023,0.3026089607547684,0.8410718767929026,0.3181565040146056,0.751446202733591,0.33192462166519193,0.8204492297160564,0.9214963951806057,0.45577949519808814,0.6666666666666666,0.7853333333333333,0.675531914893617,0.10891089108910891,0.40654205607476634,0.3888888888888889,0.3333333333333333,0.9453333333333334,0.9851904090267983,0.9214963951806057,0.6860877275466919,21,True,1.1757074321284848,0.8649506568908691,1.5549746751785278,0.08620766550302505,0.10731811821460724,0.7531722784042358,0.8855148553848267,1.2796683311462402,1.1629377603530884,1.3899778127670288,1.143149733543396,1.1454136371612549,1.0530632734298706,0.9040798544883728,0.9123267531394958,1.1464571952819824,1.137509822845459,1.1402103900909424
10,s2_lora,5,0.05,8.131617911656697,6050.9,0.47066691210216915,0.39958413717647395,0.43488893712560334,0.8111177567144235,1.3304975804487864,4.661444027582804,0.001086221808354215,0.5767451358834902,0.9220491932233175,0.8140940670967102,0.19666478840510052,0.6361456171373526,0.7033333333333334,0.4363273994643733,0.4363273994643733,0.8720644906966992,0.42336938336307084,0.868162026494929,0.39890136433707635,0.7833716226647589,0.3645942837701563,0.8317355183315869,0.9460553671079986,0.5542016221023719,0.454,0.86,0.8351063829787234,0.04950495049504951,0.3644859813084112,0.6944444444444444,0.23809523809523808,0.942,0.9851380042462845,0.9460553671079986,0.5641101002693176,21,True,1.1785138417769996,0.8537550568580627,1.5771466493606567,0.0873507633805275,0.11131748557090759,0.7384717464447021,0.887273907661438,1.2857918739318848,1.1402533054351807,1.3460649251937866,1.1625701189041138,1.164621353149414,1.0660275220870972,0.8959478139877319,0.9052017331123352,1.166229009628296,1.1555911302566528,1.1582307815551758
11,s2_lora,6,0.05,7.337564477761586,5488.1,0.4605653872850014,0.38083453443149723,0.41017296965420247,0.7563312268977364,1.3520163575808206,4.02546368376414,0.0009362348603317515,0.5297055023362239,0.9215672497749329,0.8054804004033407,0.19626039469242096,0.6295996252720555,0.6906666666666667,0.42238398555078643,0.42238398555078643,0.8713095264640789,0.3871803754225301,0.8649676395238852,0.38995106847681893,0.7796832607505919,0.36546315157264764,0.8363743360785928,0.9345053555579872,0.5535951258928097,0.462,0.864,0.824468085106383,0.04950495049504951,0.3411214953271028,0.6111111111111112,0.2857142857142857,0.942,0.9851380042462845,0.9345053555579871,0.5493519902229309,21,True,1.1756263388894967,0.8442405462265015,1.594055414199829,0.08837532997131348,0.11559795588254929,0.7229464054107666,0.8984227776527405,1.301117181777954,1.124897837638855,1.3052273988723755,1.17852783203125,1.1807888746261597,1.077552318572998,0.8887660503387451,0.8995973467826843,1.1824241876602173,1.171665906906128,1.1722608804702759
12,s2_lora,7,0.05,6.94991555595398,5902.7,0.39908053420945006,0.38610444899400076,0.41262394945820174,0.7692310988778869,1.313819560011228,3.68829199552536,0.0009013760476761188,0.5229132616817951,0.9223141814867656,0.7838467597961426,0.19614538828531902,0.6135417551894983,0.47933333333333333,0.43938952285138455,0.43938952285138455,0.8585863737409932,0.35106357602995153,0.8333415205734733,0.34371452310511647,0.7621233697327838,0.3509325067642246,0.8360170420255871,0.945897314318367,0.40234947103383323,0.8,0.74,0.48936170212765956,0.21782178217821782,0.5373831775700935,0.6666666666666666,0.2857142857142857,0.9493333333333334,0.985252808988764,0.945897314318367,0.6622363924980164,21,True,1.1858076619129252,0.8370726108551025,1.609833002090454,0.08930575847625732,0.11947900056838989,0.7140230536460876,0.9022391438484192,1.3051481246948242,1.1030027866363525,1.2582308053970337,1.1900742053985596,1.1923823356628418,1.085657000541687,0.8847503662109375,0.8955443501472473,1.1942625045776367,1.183208703994751,1.1830358505249023
13,s2_lora,8,0.05,6.61680845785141,5460.8,0.4452726062761233,0.37374732734759647,0.39366007745265963,0.7340774180566271,1.339147526661555,3.4633052101135253,0.000822097139530039,0.4996982967754205,0.9222776390314102,0.7803331982294719,0.19669040874640148,0.5994665672108531,0.6113333333333333,0.4269591984906527,0.4269591984906527,0.8694242682985343,0.3773925990644367,0.8478039350454255,0.37971223018724976,0.7766083667779742,0.3721513911902331,0.8388543771523964,0.9413016255121519,0.5088450416737541,0.574,0.8293333333333334,0.6950354609929078,0.09900990099009901,0.4439252336448598,0.6111111111111112,0.2857142857142857,0.9546666666666667,0.9853351955307262,0.9413016255121518,0.6427714228630066,21,True,1.1899920730447047,0.8282231092453003,1.6070834398269653,0.09014470130205154,0.12221388518810272,0.7031070590019226,0.909543514251709,1.3090276718139648,1.0803196430206299,1.1903365850448608,1.198428750038147,1.2008509635925293,1.0919129848480225,0.8814169764518738,0.8925982713699341,1.2027543783187866,1.1915884017944336,1.19101083278656
14,s2_lora,9,0.05,6.367400269667307,5795.5,0.4301513614753031,0.36827028565108777,0.3907135075678428,0.7207861457740267,1.257637042204539,3.325442845026652,0.0007955143545210982,0.5009496689289809,0.922333833416303,0.7743869961102804,0.1963155384461085,0.5921351010749737,0.578,0.4453311989580346,0.4453311989580346,0.8691634816887932,0.3466688776155316,0.8440554710400665,0.3660042016844598,0.7737127225822628,0.3625370791002968,0.8479878940367922,0.9426025215498899,0.4734817667007677,0.6513333333333333,0.792,0.6391843971631206,0.13861386138613863,0.4766355140186916,0.6388888888888888,0.3333333333333333,0.95,0.9852631578947368,0.94260252154989,0.6931244730949402,21,True,1.1856506303874725,0.8195511698722839,1.6015145778656006,0.09079881757497787,0.1244838610291481,0.6921463012695312,0.9185032844543457,1.3119925260543823,1.0552603006362915,1.137192726135254,1.2035841941833496,1.2060405015945435,1.0957187414169312,0.88004469871521,0.8907260894775391,1.2079936265945435,1.19661283493042,1.1958917379379272
15,s2_lora,10,0.05,6.204146355311076,5012.7,0.44254820975934694,0.3576309695765376,0.3821473160485427,0.6888235468864441,1.268641962925593,3.2536246299743654,0.0007559159034475063,0.47877245044211547,0.9214853143294652,0.7750138030846914,0.1963394060532252,0.5827688129916787,0.5873333333333334,0.4700546120572344,0.4700546120572344,0.8668848737128847,0.3572197995081049,0.8439402776696161,0.380430560048956,0.771502575284474,0.3579586397056116,0.8392567082709069,0.9410463094673621,0.4817324420840582,0.6333333333333333,0.8033333333333333,0.6560283687943262,0.12871287128712872,0.43457943925233644,0.75,0.38095238095238093,0.9486666666666667,0.9852424455375967,0.9410463094673621,0.6911060214042664,21,True,1.1839282440335073,0.8128876090049744,1.6024065017700195,0.09155721962451935,0.12611331045627594,0.6817329525947571,0.9311951398849487,1.3228199481964111,1.0361186265945435,1.0845593214035034,1.2064344882965088,1.208901047706604,1.0980756282806396,0.879295825958252,0.8896611332893372,1.2108380794525146,1.1995277404785156,1.198654055595398
16,s2_lora,11,0.05,6.083750914096832,5531.9,0.4593457543196599,0.35129109244545303,0.37271051267782845,0.6702103919759392,1.250997751990954,3.2256515561739603,0.0007713336351638038,0.46553375221788884,0.9221524889071783,0.761050665696462,0.19619835170110067,0.5675830333257715,0.6153333333333333,0.46635202295333933,0.46635202295333933,0.8708339110402157,0.3729376083680728,0.8490267275418958,0.3910079701359553,0.7781545882551512,0.35882400699613026,0.8393738046412199,0.9499094235936342,0.510301217165686,0.58,0.8246666666666667,0.6950354609929078,0.1188118811881188,0.43457943925233644,0.75,0.3333333333333333,0.9473333333333334,0.9852216748768473,0.9499094235936342,0.6649876832962036,21,True,1.1848106892317418,0.807261049747467,1.6059718132019043,0.09210207313299179,0.1279296725988388,0.6704678535461426,0.9481127858161926,1.3404053449630737,1.0201910734176636,1.045347809791565,1.207531213760376,1.2100006341934204,1.0989937782287598,0.8790977001190186,0.8892261981964111,1.2119301557540894,1.2006402015686035,1.1997431516647339
17,s2_lora,12,0.05,6.105361864725749,6114.6,0.4502914688884986,0.35203033562252917,0.3686358161966006,0.6676340761855245,1.2828091744581858,3.2120917304356893,0.0007602712249111694,0.46620298283795514,0.9222957949638366,0.7659427994092306,0.19635848128795624,0.5791600568095843,0.6026666666666667,0.4655433961570744,0.4655433961570744,0.868787898046885,0.36999478476690484,0.8465408048927419,0.38694495564260867,0.7773126466027407,0.36195544078333863,0.8395179232508353,0.9460675250148934,0.49268727002666846,0.6033333333333334,0.8166666666666667,0.6764184397163121,0.12871287128712872,0.4392523364485981,0.75,0.3333333333333333,0.9486666666666667,0.9852424455375967,0.9460675250148934,0.6670700311660767,21,True,1.18518354792039,0.8012454509735107,1.610599398612976,0.09279350936412811,0.12953107059001923,0.6613240242004395,0.9586718082427979,1.3474838733673096,1.0033360719680786,1.0114054679870605,1.2077374458312988,1.210207462310791,1.0991641283035278,0.8790318369865417,0.8891374468803406,1.2121368646621704,1.20084547996521,1.1999300718307495
18,s3_unfreeze,1,0.05,6.004617534796397,12759.4,0.4177842266381416,0.36397748585045336,0.3796917885392904,0.7011104005128145,1.2672041480143865,3.0540223348935447,0.0007293784819194115,0.4914391257663568,0.9218287358283996,0.7514865032831828,0.19630209203561147,0.5616294013410806,0.544,0.4433817092046392,0.4433817092046392,0.8599788279996721,0.35964233851527977,0.8368455933988408,0.3513061460899188,0.7714483457920205,0.3473558641107831,0.8389264364572043,0.9548941654204812,0.4475522448624677,0.708,0.7753333333333333,0.6019503546099291,0.0891089108910891,0.43457943925233644,0.8055555555555556,0.2857142857142857,0.9493333333333334,0.985252808988764,0.9548941654204812,0.6865447759628296,21,True,1.1880568746884537,0.7955503463745117,1.6087079048156738,0.09352818131446838,0.13128353655338287,0.6527836322784424,0.966388463973999,1.3517624139785767,0.9813815951347351,1.0088629722595215,1.2173871994018555,1.219747543334961,1.1062943935394287,0.8758699893951416,0.8821917176246643,1.2220953702926636,1.2098289728164673,1.2087690830230713
